1,A1,Barcode_1,/5Phos/GTGCGAACTCAGACCGGGAAAGGATCCACGTGCTTGAG
1,A2,Barcode_2,/5Phos/GTGCGAACTCAGACCAAGTGTAGATCCACGTGCTTGAG
1,A3,Barcode_3,/5Phos/GTGCGAACTCAGACCCGTTTGATATCCACGTGCTTGAG
1,A4,Barcode_4,/5Phos/GTGCGAACTCAGACCACACTAGAATCCACGTGCTTGAG
1,A5,Barcode_5,/5Phos/GTGCGAACTCAGACCGTCCGGTAATCCACGTGCTTGAG
1,A6,Barcode_6,/5Phos/GTGCGAACTCAGACCGGAGAGTTATCCACGTGCTTGAG
1,A7,Barcode_7,/5Phos/GTGCGAACTCAGACCTAACTCCAATCCACGTGCTTGAG
1,A8,Barcode_8,/5Phos/GTGCGAACTCAGACCAGTAGCTGATCCACGTGCTTGAG
1,A9,Barcode_9,/5Phos/GTGCGAACTCAGACCATCTCAGTATCCACGTGCTTGAG
1,A10,Barcode_10,/5Phos/GTGCGAACTCAGACCTCCGAGCAATCCACGTGCTTGAG
1,A11,Barcode_11,/5Phos/GTGCGAACTCAGACCGCCACGTTATCCACGTGCTTGAG
1,A12,Barcode_12,/5Phos/GTGCGAACTCAGACCAGTAAGGTATCCACGTGCTTGAG
1,B1,Barcode_13,/5Phos/GTGCGAACTCAGACCTCCTGCTGATCCACGTGCTTGAG
1,B2,Barcode_14,/5Phos/GTGCGAACTCAGACCTTAGAGGAATCCACGTGCTTGAG
1,B3,Barcode_15,/5Phos/GTGCGAACTCAGACCCGCTAAGTATCCACGTGCTTGAG
1,B4,Barcode_16,/5Phos/GTGCGAACTCAGACCGGAAGCGAATCCACGTGCTTGAG
1,B5,Barcode_17,/5Phos/GTGCGAACTCAGACCGTCGAAGGATCCACGTGCTTGAG
1,B6,Barcode_18,/5Phos/GTGCGAACTCAGACCACCCGAAGATCCACGTGCTTGAG
1,B7,Barcode_19,/5Phos/GTGCGAACTCAGACCTGAGGAGGATCCACGTGCTTGAG
1,B8,Barcode_20,/5Phos/GTGCGAACTCAGACCCAAGCATTATCCACGTGCTTGAG
1,B9,Barcode_21,/5Phos/GTGCGAACTCAGACCCGGCTATGATCCACGTGCTTGAG
1,B10,Barcode_22,/5Phos/GTGCGAACTCAGACCGGTAACTAATCCACGTGCTTGAG
1,B11,Barcode_23,/5Phos/GTGCGAACTCAGACCAAGAACAGATCCACGTGCTTGAG
1,B12,Barcode_24,/5Phos/GTGCGAACTCAGACCTATGCGATATCCACGTGCTTGAG
1,C1,Barcode_25,/5Phos/GTGCGAACTCAGACCCAAAGAGTATCCACGTGCTTGAG
1,C2,Barcode_26,/5Phos/GTGCGAACTCAGACCTTTCGCGGATCCACGTGCTTGAG
1,C3,Barcode_27,/5Phos/GTGCGAACTCAGACCTCGTGCGAATCCACGTGCTTGAG
1,C4,Barcode_28,/5Phos/GTGCGAACTCAGACCTGGCATTTATCCACGTGCTTGAG
1,C5,Barcode_29,/5Phos/GTGCGAACTCAGACCGATTTGCAATCCACGTGCTTGAG
1,C6,Barcode_30,/5Phos/GTGCGAACTCAGACCCTGCAATAATCCACGTGCTTGAG
1,C7,Barcode_31,/5Phos/GTGCGAACTCAGACCGTAATGGTATCCACGTGCTTGAG
1,C8,Barcode_32,/5Phos/GTGCGAACTCAGACCGATACCAAATCCACGTGCTTGAG
1,C9,Barcode_33,/5Phos/GTGCGAACTCAGACCCAGGAAATATCCACGTGCTTGAG
1,C10,Barcode_34,/5Phos/GTGCGAACTCAGACCAGACAGTAATCCACGTGCTTGAG
1,C11,Barcode_35,/5Phos/GTGCGAACTCAGACCCTCTCTTGATCCACGTGCTTGAG
1,C12,Barcode_36,/5Phos/GTGCGAACTCAGACCTTGTTCCGATCCACGTGCTTGAG
1,D1,Barcode_37,/5Phos/GTGCGAACTCAGACCAGGGTTCTATCCACGTGCTTGAG
1,D2,Barcode_38,/5Phos/GTGCGAACTCAGACCAATTCGCTATCCACGTGCTTGAG
1,D3,Barcode_39,/5Phos/GTGCGAACTCAGACCGTTCTCAGATCCACGTGCTTGAG
1,D4,Barcode_40,/5Phos/GTGCGAACTCAGACCGCATAGTAATCCACGTGCTTGAG
1,D5,Barcode_41,/5Phos/GTGCGAACTCAGACCTGCAACGGATCCACGTGCTTGAG
1,D6,Barcode_42,/5Phos/GTGCGAACTCAGACCCGTTCCAGATCCACGTGCTTGAG
1,D7,Barcode_43,/5Phos/GTGCGAACTCAGACCGCTTGCTAATCCACGTGCTTGAG
1,D8,Barcode_44,/5Phos/GTGCGAACTCAGACCCAGTGGGAATCCACGTGCTTGAG
1,D9,Barcode_45,/5Phos/GTGCGAACTCAGACCGAAGGTTTATCCACGTGCTTGAG
1,D10,Barcode_46,/5Phos/GTGCGAACTCAGACCACTGATGAATCCACGTGCTTGAG
1,D11,Barcode_47,/5Phos/GTGCGAACTCAGACCGCCTTCATATCCACGTGCTTGAG
1,D12,Barcode_48,/5Phos/GTGCGAACTCAGACCGATGCTCTATCCACGTGCTTGAG
1,E1,Barcode_49,/5Phos/GTGCGAACTCAGACCATGAGGCTATCCACGTGCTTGAG
1,E2,Barcode_50,/5Phos/GTGCGAACTCAGACCGCCTTTGAATCCACGTGCTTGAG
1,E3,Barcode_51,/5Phos/GTGCGAACTCAGACCCTCCACAGATCCACGTGCTTGAG
1,E4,Barcode_52,/5Phos/GTGCGAACTCAGACCGCGCTATAATCCACGTGCTTGAG
1,E5,Barcode_53,/5Phos/GTGCGAACTCAGACCTCAGCTCAATCCACGTGCTTGAG
1,E6,Barcode_54,/5Phos/GTGCGAACTCAGACCCTTAGGATATCCACGTGCTTGAG
1,E7,Barcode_55,/5Phos/GTGCGAACTCAGACCCACGACAAATCCACGTGCTTGAG
1,E8,Barcode_56,/5Phos/GTGCGAACTCAGACCAGCTCCATATCCACGTGCTTGAG
1,E9,Barcode_57,/5Phos/GTGCGAACTCAGACCTCTCGATGATCCACGTGCTTGAG
1,E10,Barcode_58,/5Phos/GTGCGAACTCAGACCCTAGAATGATCCACGTGCTTGAG
1,E11,Barcode_59,/5Phos/GTGCGAACTCAGACCAGACCGATATCCACGTGCTTGAG
1,E12,Barcode_60,/5Phos/GTGCGAACTCAGACCACGGTAAGATCCACGTGCTTGAG
1,F1,Barcode_61,/5Phos/GTGCGAACTCAGACCTGCGACATATCCACGTGCTTGAG
1,F2,Barcode_62,/5Phos/GTGCGAACTCAGACCATAGGCTTATCCACGTGCTTGAG
1,F3,Barcode_63,/5Phos/GTGCGAACTCAGACCTCCCGACTATCCACGTGCTTGAG
1,F4,Barcode_64,/5Phos/GTGCGAACTCAGACCTGAACCTTATCCACGTGCTTGAG
1,F5,Barcode_65,/5Phos/GTGCGAACTCAGACCGCAGACGAATCCACGTGCTTGAG
1,F6,Barcode_66,/5Phos/GTGCGAACTCAGACCCTCCTCCAATCCACGTGCTTGAG
1,F7,Barcode_67,/5Phos/GTGCGAACTCAGACCTAGTGTGTATCCACGTGCTTGAG
1,F8,Barcode_68,/5Phos/GTGCGAACTCAGACCAGAACCGGATCCACGTGCTTGAG
1,F9,Barcode_69,/5Phos/GTGCGAACTCAGACCCGTAGCCTATCCACGTGCTTGAG
1,F10,Barcode_70,/5Phos/GTGCGAACTCAGACCGCCCACTAATCCACGTGCTTGAG
1,F11,Barcode_71,/5Phos/GTGCGAACTCAGACCTGTGGCTTATCCACGTGCTTGAG
1,F12,Barcode_72,/5Phos/GTGCGAACTCAGACCGCACAAAGATCCACGTGCTTGAG
1,G1,Barcode_73,/5Phos/GTGCGAACTCAGACCCGCAAACAATCCACGTGCTTGAG
1,G2,Barcode_74,/5Phos/GTGCGAACTCAGACCGTTGGCGAATCCACGTGCTTGAG
1,G3,Barcode_75,/5Phos/GTGCGAACTCAGACCTCAACGAAATCCACGTGCTTGAG
1,G4,Barcode_76,/5Phos/GTGCGAACTCAGACCAACACGAAATCCACGTGCTTGAG
1,G5,Barcode_77,/5Phos/GTGCGAACTCAGACCCAGAGCTAATCCACGTGCTTGAG
1,G6,Barcode_78,/5Phos/GTGCGAACTCAGACCCGTGTGTGATCCACGTGCTTGAG
1,G7,Barcode_79,/5Phos/GTGCGAACTCAGACCTCGAGAGGATCCACGTGCTTGAG
1,G8,Barcode_80,/5Phos/GTGCGAACTCAGACCAGCCGTTTATCCACGTGCTTGAG
1,G9,Barcode_81,/5Phos/GTGCGAACTCAGACCATGTCGAGATCCACGTGCTTGAG
1,G10,Barcode_82,/5Phos/GTGCGAACTCAGACCACCGGTATATCCACGTGCTTGAG
1,G11,Barcode_83,/5Phos/GTGCGAACTCAGACCAACAGGCGATCCACGTGCTTGAG
1,G12,Barcode_84,/5Phos/GTGCGAACTCAGACCCTAAACCTATCCACGTGCTTGAG
1,H1,Barcode_85,/5Phos/GTGCGAACTCAGACCAGGTTGTTATCCACGTGCTTGAG
1,H2,Barcode_86,/5Phos/GTGCGAACTCAGACCCTATGACGATCCACGTGCTTGAG
1,H3,Barcode_87,/5Phos/GTGCGAACTCAGACCGTCGCACAATCCACGTGCTTGAG
1,H4,Barcode_88,/5Phos/GTGCGAACTCAGACCTTATCGCGATCCACGTGCTTGAG
1,H5,Barcode_89,/5Phos/GTGCGAACTCAGACCACGAAACTATCCACGTGCTTGAG
1,H6,Barcode_90,/5Phos/GTGCGAACTCAGACCGGGTTTGTATCCACGTGCTTGAG
1,H7,Barcode_91,/5Phos/GTGCGAACTCAGACCCATGGGCAATCCACGTGCTTGAG
1,H8,Barcode_92,/5Phos/GTGCGAACTCAGACCGAGTGGATATCCACGTGCTTGAG
1,H9,Barcode_93,/5Phos/GTGCGAACTCAGACCGCTAGACGATCCACGTGCTTGAG
1,H10,Barcode_94,/5Phos/GTGCGAACTCAGACCCGTGGAGTATCCACGTGCTTGAG
1,H11,Barcode_95,/5Phos/GTGCGAACTCAGACCAACACCTGATCCACGTGCTTGAG
1,H12,Barcode_96,/5Phos/GTGCGAACTCAGACCGTCATTCTATCCACGTGCTTGAG
